path,target,category,extension,reason
Research/VPhoneVirtualMachineRefactored.swift,research,APPLE_ONLY,swift,Research spike imports Apple Virtualization/private APIs; reference only
VPhoneDaemon/Daemon/APIWire.swift,VPhoneDaemon,APPLE_ONLY,swift,"Guest daemon is built for Apple guest/iOS runtime, not Windows host"
VPhoneDaemon/Daemon/GuestAPI.swift,VPhoneDaemon,APPLE_ONLY,swift,"Guest daemon is built for Apple guest/iOS runtime, not Windows host"
VPhoneDaemon/Daemon/GuestEventPublisher.swift,VPhoneDaemon,APPLE_ONLY,swift,"Guest daemon is built for Apple guest/iOS runtime, not Windows host"
VPhoneDaemon/Daemon/GuestFileTransfer.swift,VPhoneDaemon,APPLE_ONLY,swift,"Guest daemon is built for Apple guest/iOS runtime, not Windows host"
VPhoneDaemon/Daemon/GuestHyperTextHandler.swift,VPhoneDaemon,APPLE_ONLY,swift,"Guest daemon is built for Apple guest/iOS runtime, not Windows host"
VPhoneDaemon/Daemon/GuestIrisinInstaller.swift,VPhoneDaemon,APPLE_ONLY,swift,"Guest daemon is built for Apple guest/iOS runtime, not Windows host"
VPhoneDaemon/Daemon/GuestKeychain.swift,VPhoneDaemon,APPLE_ONLY,swift,"Guest daemon is built for Apple guest/iOS runtime, not Windows host"
VPhoneDaemon/Daemon/GuestPortForwardHandler.swift,VPhoneDaemon,APPLE_ONLY,swift,"Guest daemon is built for Apple guest/iOS runtime, not Windows host"
VPhoneDaemon/Daemon/GuestSigner.swift,VPhoneDaemon,APPLE_ONLY,swift,"Guest daemon is built for Apple guest/iOS runtime, not Windows host"
VPhoneDaemon/Daemon/GuestWebSocketHandler.swift,VPhoneDaemon,APPLE_ONLY,swift,"Guest daemon is built for Apple guest/iOS runtime, not Windows host"
VPhoneDaemon/Daemon/main.swift,VPhoneDaemon,APPLE_ONLY,swift,"Guest daemon is built for Apple guest/iOS runtime, not Windows host"
VPhoneDaemon/Native/vphoned_native.m,VPhoneDaemon,APPLE_ONLY,m,"Guest daemon is built for Apple guest/iOS runtime, not Windows host"
VPhoneDaemon/Native/vphoned_sign.m,VPhoneDaemon,APPLE_ONLY,m,"Guest daemon is built for Apple guest/iOS runtime, not Windows host"
VPhoneDaemon/Native/vphoned_vcam.m,VPhoneDaemon,APPLE_ONLY,m,"Guest daemon is built for Apple guest/iOS runtime, not Windows host"
VPhoneExecutable/VPhoneCommand/FirmwarePatcher/ARM64/ARM64Constants.swift,FirmwarePatcher,SHIMMABLE,swift,Core patching logic is algorithmic Swift but requires Windows build/dependency adaptation
VPhoneExecutable/VPhoneCommand/FirmwarePatcher/ARM64/ARM64Disassembler.swift,FirmwarePatcher,SHIMMABLE,swift,Core patching logic is algorithmic Swift but requires Windows build/dependency adaptation
VPhoneExecutable/VPhoneCommand/FirmwarePatcher/ARM64/ARM64Encoder.swift,FirmwarePatcher,SHIMMABLE,swift,Core patching logic is algorithmic Swift but requires Windows build/dependency adaptation
VPhoneExecutable/VPhoneCommand/FirmwarePatcher/ARM64/ARM64Inst.swift,FirmwarePatcher,SHIMMABLE,swift,Core patching logic is algorithmic Swift but requires Windows build/dependency adaptation
VPhoneExecutable/VPhoneCommand/FirmwarePatcher/AVPBooter/AVPBooterPatcher.swift,FirmwarePatcher,SHIMMABLE,swift,Core patching logic is algorithmic Swift but requires Windows build/dependency adaptation
VPhoneExecutable/VPhoneCommand/FirmwarePatcher/Binary/BinaryBuffer.swift,FirmwarePatcher,SHIMMABLE,swift,Core patching logic is algorithmic Swift but requires Windows build/dependency adaptation
VPhoneExecutable/VPhoneCommand/FirmwarePatcher/Binary/IM4PHandler.swift,FirmwarePatcher,SHIMMABLE,swift,Core patching logic is algorithmic Swift but requires Windows build/dependency adaptation
VPhoneExecutable/VPhoneCommand/FirmwarePatcher/Binary/InPlaceRewrite.swift,FirmwarePatcher,SHIMMABLE,swift,Core patching logic is algorithmic Swift but requires Windows build/dependency adaptation
VPhoneExecutable/VPhoneCommand/FirmwarePatcher/Binary/MachOParser.swift,FirmwarePatcher,SHIMMABLE,swift,Core patching logic is algorithmic Swift but requires Windows build/dependency adaptation
VPhoneExecutable/VPhoneCommand/FirmwarePatcher/CryptexFilesystem/CryptexFilesystemPatcher.swift,FirmwarePatcher,REWRITE,swift,Firmware logic invokes Apple APFS/cryptex host tooling and needs a replacement backend
VPhoneExecutable/VPhoneCommand/FirmwarePatcher/CryptexFilesystem/CryptexFilesystemPatcherAEA.swift,FirmwarePatcher,REWRITE,swift,Firmware logic invokes Apple APFS/cryptex host tooling and needs a replacement backend
VPhoneExecutable/VPhoneCommand/FirmwarePatcher/CryptexFilesystem/CryptexFilesystemPatcherDiskImage.swift,FirmwarePatcher,REWRITE,swift,Firmware logic invokes Apple APFS/cryptex host tooling and needs a replacement backend
VPhoneExecutable/VPhoneCommand/FirmwarePatcher/CryptexFilesystem/CryptexFilesystemPatcherFileOps.swift,FirmwarePatcher,REWRITE,swift,Firmware logic invokes Apple APFS/cryptex host tooling and needs a replacement backend
VPhoneExecutable/VPhoneCommand/FirmwarePatcher/CryptexFilesystem/CryptexFilesystemPatcherGuestPayload.swift,FirmwarePatcher,REWRITE,swift,Firmware logic invokes Apple APFS/cryptex host tooling and needs a replacement backend
VPhoneExecutable/VPhoneCommand/FirmwarePatcher/CryptexFilesystem/CryptexFilesystemPatcherManifest.swift,FirmwarePatcher,REWRITE,swift,Firmware logic invokes Apple APFS/cryptex host tooling and needs a replacement backend
VPhoneExecutable/VPhoneCommand/FirmwarePatcher/CryptexFilesystem/CryptexFilesystemPatcherProcess.swift,FirmwarePatcher,REWRITE,swift,Firmware logic invokes Apple APFS/cryptex host tooling and needs a replacement backend
VPhoneExecutable/VPhoneCommand/FirmwarePatcher/CryptexFilesystem/CryptexFilesystemPatcherSealing.swift,FirmwarePatcher,REWRITE,swift,Firmware logic invokes Apple APFS/cryptex host tooling and needs a replacement backend
VPhoneExecutable/VPhoneCommand/FirmwarePatcher/CustomFirmware/CustomFirmwareBuildVersion.swift,FirmwarePatcher,SHIMMABLE,swift,Core patching logic is algorithmic Swift but requires Windows build/dependency adaptation
VPhoneExecutable/VPhoneCommand/FirmwarePatcher/CustomFirmware/CustomFirmwareDaemons.swift,FirmwarePatcher,SHIMMABLE,swift,Core patching logic is algorithmic Swift but requires Windows build/dependency adaptation
VPhoneExecutable/VPhoneCommand/FirmwarePatcher/CustomFirmware/CustomFirmwareDaemonsDropbear.swift,FirmwarePatcher,SHIMMABLE,swift,Core patching logic is algorithmic Swift but requires Windows build/dependency adaptation
VPhoneExecutable/VPhoneCommand/FirmwarePatcher/CustomFirmware/CustomFirmwareDaemonsLaunchd.swift,FirmwarePatcher,SHIMMABLE,swift,Core patching logic is algorithmic Swift but requires Windows build/dependency adaptation
VPhoneExecutable/VPhoneCommand/FirmwarePatcher/CustomFirmware/CustomFirmwareInjectDylib.swift,FirmwarePatcher,SHIMMABLE,swift,Core patching logic is algorithmic Swift but requires Windows build/dependency adaptation
VPhoneExecutable/VPhoneCommand/FirmwarePatcher/CustomFirmware/CustomFirmwareMachLookupExceptions.swift,FirmwarePatcher,SHIMMABLE,swift,Core patching logic is algorithmic Swift but requires Windows build/dependency adaptation
VPhoneExecutable/VPhoneCommand/FirmwarePatcher/CustomFirmware/CustomFirmwareMachOCodeSignature.swift,FirmwarePatcher,SHIMMABLE,swift,Core patching logic is algorithmic Swift but requires Windows build/dependency adaptation
VPhoneExecutable/VPhoneCommand/FirmwarePatcher/CustomFirmware/CustomFirmwarePostRestoreDeviceTree.swift,FirmwarePatcher,SHIMMABLE,swift,Core patching logic is algorithmic Swift but requires Windows build/dependency adaptation
VPhoneExecutable/VPhoneCommand/FirmwarePatcher/CustomFirmware/ExecutablePatches/CacheLoader/CustomFirmwareCacheLoader+Results.swift,FirmwarePatcher,SHIMMABLE,swift,Core patching logic is algorithmic Swift but requires Windows build/dependency adaptation
VPhoneExecutable/VPhoneCommand/FirmwarePatcher/CustomFirmware/ExecutablePatches/CacheLoader/CustomFirmwareCacheLoader+StringAnchor.swift,FirmwarePatcher,SHIMMABLE,swift,Core patching logic is algorithmic Swift but requires Windows build/dependency adaptation
VPhoneExecutable/VPhoneCommand/FirmwarePatcher/CustomFirmware/ExecutablePatches/CacheLoader/CustomFirmwareCacheLoader.swift,FirmwarePatcher,SHIMMABLE,swift,Core patching logic is algorithmic Swift but requires Windows build/dependency adaptation
VPhoneExecutable/VPhoneCommand/FirmwarePatcher/CustomFirmware/ExecutablePatches/DiskImage/CustomFirmwareDiskImage+DynamicMetadata.swift,FirmwarePatcher,SHIMMABLE,swift,Core patching logic is algorithmic Swift but requires Windows build/dependency adaptation
VPhoneExecutable/VPhoneCommand/FirmwarePatcher/CustomFirmware/ExecutablePatches/DiskImage/CustomFirmwareDiskImage.swift,FirmwarePatcher,SHIMMABLE,swift,Core patching logic is algorithmic Swift but requires Windows build/dependency adaptation
VPhoneExecutable/VPhoneCommand/FirmwarePatcher/CustomFirmware/ExecutablePatches/Jetsam/CustomFirmwareJetsam.swift,FirmwarePatcher,SHIMMABLE,swift,Core patching logic is algorithmic Swift but requires Windows build/dependency adaptation
VPhoneExecutable/VPhoneCommand/FirmwarePatcher/CustomFirmware/ExecutablePatches/Jetsam/CustomFirmwareJetsamDiscovery.swift,FirmwarePatcher,SHIMMABLE,swift,Core patching logic is algorithmic Swift but requires Windows build/dependency adaptation
VPhoneExecutable/VPhoneCommand/FirmwarePatcher/CustomFirmware/ExecutablePatches/MobileActivation/CustomFirmwareMobileActivation+Anchoring.swift,FirmwarePatcher,SHIMMABLE,swift,Core patching logic is algorithmic Swift but requires Windows build/dependency adaptation
VPhoneExecutable/VPhoneCommand/FirmwarePatcher/CustomFirmware/ExecutablePatches/MobileActivation/CustomFirmwareMobileActivation.swift,FirmwarePatcher,SHIMMABLE,swift,Core patching logic is algorithmic Swift but requires Windows build/dependency adaptation
VPhoneExecutable/VPhoneCommand/FirmwarePatcher/CustomFirmware/ExecutablePatches/Sep/CustomFirmwareSeputil.swift,FirmwarePatcher,SHIMMABLE,swift,Core patching logic is algorithmic Swift but requires Windows build/dependency adaptation
VPhoneExecutable/VPhoneCommand/FirmwarePatcher/CustomFirmware/ExecutablePatches/WatchDog/CustomFirmwareWatchDog.swift,FirmwarePatcher,SHIMMABLE,swift,Core patching logic is algorithmic Swift but requires Windows build/dependency adaptation
VPhoneExecutable/VPhoneCommand/FirmwarePatcher/CustomFirmware/ExecutablePatches/WatchDog/CustomFirmwareWatchDogDiscovery.swift,FirmwarePatcher,SHIMMABLE,swift,Core patching logic is algorithmic Swift but requires Windows build/dependency adaptation
VPhoneExecutable/VPhoneCommand/FirmwarePatcher/CustomFirmware/ExecutablePatches/WatchDog/CustomFirmwareWatchDogSymbolTargets.swift,FirmwarePatcher,SHIMMABLE,swift,Core patching logic is algorithmic Swift but requires Windows build/dependency adaptation
VPhoneExecutable/VPhoneCommand/FirmwarePatcher/DeviceTree/DeviceTreeNodeAdditions.swift,FirmwarePatcher,SHIMMABLE,swift,Core patching logic is algorithmic Swift but requires Windows build/dependency adaptation
VPhoneExecutable/VPhoneCommand/FirmwarePatcher/DeviceTree/DeviceTreePatchDefinitions.swift,FirmwarePatcher,SHIMMABLE,swift,Core patching logic is algorithmic Swift but requires Windows build/dependency adaptation
VPhoneExecutable/VPhoneCommand/FirmwarePatcher/DeviceTree/DeviceTreePatcher.swift,FirmwarePatcher,SHIMMABLE,swift,Core patching logic is algorithmic Swift but requires Windows build/dependency adaptation
VPhoneExecutable/VPhoneCommand/FirmwarePatcher/DeviceTree/DeviceTreePropertyPatches.swift,FirmwarePatcher,SHIMMABLE,swift,Core patching logic is algorithmic Swift but requires Windows build/dependency adaptation
VPhoneExecutable/VPhoneCommand/FirmwarePatcher/DyldSharedCache/DyldSharedCacheChunkSet.swift,FirmwarePatcher,SHIMMABLE,swift,Core patching logic is algorithmic Swift but requires Windows build/dependency adaptation
VPhoneExecutable/VPhoneCommand/FirmwarePatcher/DyldSharedCache/DyldSharedCacheCodeSignature.swift,FirmwarePatcher,SHIMMABLE,swift,Core patching logic is algorithmic Swift but requires Windows build/dependency adaptation
VPhoneExecutable/VPhoneCommand/FirmwarePatcher/DyldSharedCache/DyldSharedCacheError.swift,FirmwarePatcher,SHIMMABLE,swift,Core patching logic is algorithmic Swift but requires Windows build/dependency adaptation
VPhoneExecutable/VPhoneCommand/FirmwarePatcher/DyldSharedCache/DyldSharedCacheLocalSymbolTable.swift,FirmwarePatcher,SHIMMABLE,swift,Core patching logic is algorithmic Swift but requires Windows build/dependency adaptation
VPhoneExecutable/VPhoneCommand/FirmwarePatcher/DyldSharedCache/DyldSharedCacheSymbolResolver.swift,FirmwarePatcher,SHIMMABLE,swift,Core patching logic is algorithmic Swift but requires Windows build/dependency adaptation
VPhoneExecutable/VPhoneCommand/FirmwarePatcher/DyldSharedCache/Patchers/DyldSharedCacheCameraPatcher.swift,FirmwarePatcher,SHIMMABLE,swift,Core patching logic is algorithmic Swift but requires Windows build/dependency adaptation
VPhoneExecutable/VPhoneCommand/FirmwarePatcher/DyldSharedCache/Patchers/DyldSharedCacheHypervisorVirtualMachinePatcher+MachOStringSites.swift,FirmwarePatcher,SHIMMABLE,swift,Core patching logic is algorithmic Swift but requires Windows build/dependency adaptation
VPhoneExecutable/VPhoneCommand/FirmwarePatcher/DyldSharedCache/Patchers/DyldSharedCacheHypervisorVirtualMachinePatcher.swift,FirmwarePatcher,SHIMMABLE,swift,Core patching logic is algorithmic Swift but requires Windows build/dependency adaptation
VPhoneExecutable/VPhoneCommand/FirmwarePatcher/DyldSharedCache/Patchers/DyldSharedCacheIOMFBForceKernPatcher.swift,FirmwarePatcher,SHIMMABLE,swift,Core patching logic is algorithmic Swift but requires Windows build/dependency adaptation
VPhoneExecutable/VPhoneCommand/FirmwarePatcher/DyldSharedCache/Patchers/DyldSharedCacheIOMFBSwapEndPatcher.swift,FirmwarePatcher,SHIMMABLE,swift,Core patching logic is algorithmic Swift but requires Windows build/dependency adaptation
VPhoneExecutable/VPhoneCommand/FirmwarePatcher/DyldSharedCache/Patchers/DyldSharedCacheLSDEmbeddedRegPatcher.swift,FirmwarePatcher,SHIMMABLE,swift,Core patching logic is algorithmic Swift but requires Windows build/dependency adaptation
VPhoneExecutable/VPhoneCommand/FirmwarePatcher/DyldSharedCache/Patchers/DyldSharedCacheLockdownModePatcher.swift,FirmwarePatcher,SHIMMABLE,swift,Core patching logic is algorithmic Swift but requires Windows build/dependency adaptation
VPhoneExecutable/VPhoneCommand/FirmwarePatcher/DyldSharedCache/Patchers/DyldSharedCacheMaxSlidePatcher.swift,FirmwarePatcher,SHIMMABLE,swift,Core patching logic is algorithmic Swift but requires Windows build/dependency adaptation
VPhoneExecutable/VPhoneCommand/FirmwarePatcher/DyldSharedCache/Patchers/DyldSharedCacheXPCLWCRPatcher.swift,FirmwarePatcher,SHIMMABLE,swift,Core patching logic is algorithmic Swift but requires Windows build/dependency adaptation
VPhoneExecutable/VPhoneCommand/FirmwarePatcher/IBoot/BasePatches/IBootPatchBootArgs.swift,FirmwarePatcher,SHIMMABLE,swift,Core patching logic is algorithmic Swift but requires Windows build/dependency adaptation
VPhoneExecutable/VPhoneCommand/FirmwarePatcher/IBoot/BasePatches/IBootPatchBootxPrecondition.swift,FirmwarePatcher,SHIMMABLE,swift,Core patching logic is algorithmic Swift but requires Windows build/dependency adaptation
VPhoneExecutable/VPhoneCommand/FirmwarePatcher/IBoot/BasePatches/IBootPatchImage4Callback.swift,FirmwarePatcher,SHIMMABLE,swift,Core patching logic is algorithmic Swift but requires Windows build/dependency adaptation
VPhoneExecutable/VPhoneCommand/FirmwarePatcher/IBoot/BasePatches/IBootPatchPanicBypass.swift,FirmwarePatcher,SHIMMABLE,swift,Core patching logic is algorithmic Swift but requires Windows build/dependency adaptation
VPhoneExecutable/VPhoneCommand/FirmwarePatcher/IBoot/BasePatches/IBootPatchRootfsBypass.swift,FirmwarePatcher,SHIMMABLE,swift,Core patching logic is algorithmic Swift but requires Windows build/dependency adaptation
VPhoneExecutable/VPhoneCommand/FirmwarePatcher/IBoot/BasePatches/IBootPatchSerialLabels.swift,FirmwarePatcher,SHIMMABLE,swift,Core patching logic is algorithmic Swift but requires Windows build/dependency adaptation
VPhoneExecutable/VPhoneCommand/FirmwarePatcher/IBoot/IBootJailbreakPatcher.swift,FirmwarePatcher,SHIMMABLE,swift,Core patching logic is algorithmic Swift but requires Windows build/dependency adaptation
VPhoneExecutable/VPhoneCommand/FirmwarePatcher/IBoot/IBootPatcher.swift,FirmwarePatcher,SHIMMABLE,swift,Core patching logic is algorithmic Swift but requires Windows build/dependency adaptation
VPhoneExecutable/VPhoneCommand/FirmwarePatcher/Kernel/BasePatches/APFS/KernelPatchApfsGraft.swift,FirmwarePatcher,SHIMMABLE,swift,Core patching logic is algorithmic Swift but requires Windows build/dependency adaptation
VPhoneExecutable/VPhoneCommand/FirmwarePatcher/Kernel/BasePatches/APFS/KernelPatchApfsMount.swift,FirmwarePatcher,SHIMMABLE,swift,Core patching logic is algorithmic Swift but requires Windows build/dependency adaptation
VPhoneExecutable/VPhoneCommand/FirmwarePatcher/Kernel/BasePatches/APFS/KernelPatchApfsSeal.swift,FirmwarePatcher,SHIMMABLE,swift,Core patching logic is algorithmic Swift but requires Windows build/dependency adaptation
VPhoneExecutable/VPhoneCommand/FirmwarePatcher/Kernel/BasePatches/APFS/KernelPatchApfsSnapshot.swift,FirmwarePatcher,SHIMMABLE,swift,Core patching logic is algorithmic Swift but requires Windows build/dependency adaptation
VPhoneExecutable/VPhoneCommand/FirmwarePatcher/Kernel/BasePatches/Security/KernelPatchDebugger.swift,FirmwarePatcher,SHIMMABLE,swift,Core patching logic is algorithmic Swift but requires Windows build/dependency adaptation
VPhoneExecutable/VPhoneCommand/FirmwarePatcher/Kernel/BasePatches/Security/KernelPatchDyldPolicy.swift,FirmwarePatcher,SHIMMABLE,swift,Core patching logic is algorithmic Swift but requires Windows build/dependency adaptation
VPhoneExecutable/VPhoneCommand/FirmwarePatcher/Kernel/BasePatches/Security/KernelPatchExcGuard.swift,FirmwarePatcher,SHIMMABLE,swift,Core patching logic is algorithmic Swift but requires Windows build/dependency adaptation
VPhoneExecutable/VPhoneCommand/FirmwarePatcher/Kernel/BasePatches/Security/KernelPatchLaunchConstraints.swift,FirmwarePatcher,SHIMMABLE,swift,Core patching logic is algorithmic Swift but requires Windows build/dependency adaptation
VPhoneExecutable/VPhoneCommand/FirmwarePatcher/Kernel/BasePatches/Security/KernelPatchPostValidation.swift,FirmwarePatcher,SHIMMABLE,swift,Core patching logic is algorithmic Swift but requires Windows build/dependency adaptation
VPhoneExecutable/VPhoneCommand/FirmwarePatcher/Kernel/BasePatches/Security/KernelPatchSandbox.swift,FirmwarePatcher,SHIMMABLE,swift,Core patching logic is algorithmic Swift but requires Windows build/dependency adaptation
VPhoneExecutable/VPhoneCommand/FirmwarePatcher/Kernel/BasePatches/Startup/KernelPatchBsdInit.swift,FirmwarePatcher,SHIMMABLE,swift,Core patching logic is algorithmic Swift but requires Windows build/dependency adaptation
VPhoneExecutable/VPhoneCommand/FirmwarePatcher/Kernel/ExperimentalPatches/KernelExperimentalPatchHvVmmRename.swift,FirmwarePatcher,SHIMMABLE,swift,Core patching logic is algorithmic Swift but requires Windows build/dependency adaptation
VPhoneExecutable/VPhoneCommand/FirmwarePatcher/Kernel/JailbreakPatches/CodeSigning/KernelJailbreakPatchAmfiExecve.swift,FirmwarePatcher,SHIMMABLE,swift,Core patching logic is algorithmic Swift but requires Windows build/dependency adaptation
VPhoneExecutable/VPhoneCommand/FirmwarePatcher/Kernel/JailbreakPatches/CodeSigning/KernelJailbreakPatchAmfiTrustcache.swift,FirmwarePatcher,SHIMMABLE,swift,Core patching logic is algorithmic Swift but requires Windows build/dependency adaptation
VPhoneExecutable/VPhoneCommand/FirmwarePatcher/Kernel/JailbreakPatches/CodeSigning/KernelJailbreakPatchCredLabel.swift,FirmwarePatcher,SHIMMABLE,swift,Core patching logic is algorithmic Swift but requires Windows build/dependency adaptation
VPhoneExecutable/VPhoneCommand/FirmwarePatcher/Kernel/JailbreakPatches/CodeSigning/KernelJailbreakPatchHookCredLabel.swift,FirmwarePatcher,SHIMMABLE,swift,Core patching logic is algorithmic Swift but requires Windows build/dependency adaptation
VPhoneExecutable/VPhoneCommand/FirmwarePatcher/Kernel/JailbreakPatches/CodeSigning/KernelJailbreakPatchLoadDylinker.swift,FirmwarePatcher,SHIMMABLE,swift,Core patching logic is algorithmic Swift but requires Windows build/dependency adaptation
VPhoneExecutable/VPhoneCommand/FirmwarePatcher/Kernel/JailbreakPatches/CodeSigning/KernelJailbreakPatchPostValidation.swift,FirmwarePatcher,SHIMMABLE,swift,Core patching logic is algorithmic Swift but requires Windows build/dependency adaptation
VPhoneExecutable/VPhoneCommand/FirmwarePatcher/Kernel/JailbreakPatches/Drivers/KernelJailbreakPatchIomfbSwap.swift,FirmwarePatcher,SHIMMABLE,swift,Core patching logic is algorithmic Swift but requires Windows build/dependency adaptation
VPhoneExecutable/VPhoneCommand/FirmwarePatcher/Kernel/JailbreakPatches/Drivers/KernelJailbreakPatchNvram.swift,FirmwarePatcher,SHIMMABLE,swift,Core patching logic is algorithmic Swift but requires Windows build/dependency adaptation
VPhoneExecutable/VPhoneCommand/FirmwarePatcher/Kernel/JailbreakPatches/Frida/KernelJailbreakPatchThreadSetState.swift,FirmwarePatcher,SHIMMABLE,swift,Core patching logic is algorithmic Swift but requires Windows build/dependency adaptation
VPhoneExecutable/VPhoneCommand/FirmwarePatcher/Kernel/JailbreakPatches/Frida/KernelJailbreakPatchVmMapDelete.swift,FirmwarePatcher,SHIMMABLE,swift,Core patching logic is algorithmic Swift but requires Windows build/dependency adaptation
VPhoneExecutable/VPhoneCommand/FirmwarePatcher/Kernel/JailbreakPatches/Memory/KernelJailbreakPatchPortToMap.swift,FirmwarePatcher,SHIMMABLE,swift,Core patching logic is algorithmic Swift but requires Windows build/dependency adaptation
VPhoneExecutable/VPhoneCommand/FirmwarePatcher/Kernel/JailbreakPatches/Memory/KernelJailbreakPatchSharedRegion.swift,FirmwarePatcher,SHIMMABLE,swift,Core patching logic is algorithmic Swift but requires Windows build/dependency adaptation
VPhoneExecutable/VPhoneCommand/FirmwarePatcher/Kernel/JailbreakPatches/Memory/KernelJailbreakPatchVmFault.swift,FirmwarePatcher,SHIMMABLE,swift,Core patching logic is algorithmic Swift but requires Windows build/dependency adaptation
VPhoneExecutable/VPhoneCommand/FirmwarePatcher/Kernel/JailbreakPatches/Memory/KernelJailbreakPatchVmProtect.swift,FirmwarePatcher,SHIMMABLE,swift,Core patching logic is algorithmic Swift but requires Windows build/dependency adaptation
VPhoneExecutable/VPhoneCommand/FirmwarePatcher/Kernel/JailbreakPatches/Process/KernelJailbreakPatchKcall10.swift,FirmwarePatcher,SHIMMABLE,swift,Core patching logic is algorithmic Swift but requires Windows build/dependency adaptation
VPhoneExecutable/VPhoneCommand/FirmwarePatcher/Kernel/JailbreakPatches/Process/KernelJailbreakPatchProcPidinfo.swift,FirmwarePatcher,SHIMMABLE,swift,Core patching logic is algorithmic Swift but requires Windows build/dependency adaptation
VPhoneExecutable/VPhoneCommand/FirmwarePatcher/Kernel/JailbreakPatches/Process/KernelJailbreakPatchSpawnPersona.swift,FirmwarePatcher,SHIMMABLE,swift,Core patching logic is algorithmic Swift but requires Windows build/dependency adaptation
VPhoneExecutable/VPhoneCommand/FirmwarePatcher/Kernel/JailbreakPatches/Process/KernelJailbreakPatchSyscallmask.swift,FirmwarePatcher,SHIMMABLE,swift,Core patching logic is algorithmic Swift but requires Windows build/dependency adaptation
VPhoneExecutable/VPhoneCommand/FirmwarePatcher/Kernel/JailbreakPatches/Process/KernelJailbreakPatchTaskConversion.swift,FirmwarePatcher,SHIMMABLE,swift,Core patching logic is algorithmic Swift but requires Windows build/dependency adaptation
VPhoneExecutable/VPhoneCommand/FirmwarePatcher/Kernel/JailbreakPatches/Process/KernelJailbreakPatchTaskForPid.swift,FirmwarePatcher,SHIMMABLE,swift,Core patching logic is algorithmic Swift but requires Windows build/dependency adaptation
VPhoneExecutable/VPhoneCommand/FirmwarePatcher/Kernel/JailbreakPatches/Process/KernelJailbreakPatchThidCrash.swift,FirmwarePatcher,SHIMMABLE,swift,Core patching logic is algorithmic Swift but requires Windows build/dependency adaptation
VPhoneExecutable/VPhoneCommand/FirmwarePatcher/Kernel/JailbreakPatches/Sandbox/KernelJailbreakPatchContainerUpcall.swift,FirmwarePatcher,SHIMMABLE,swift,Core patching logic is algorithmic Swift but requires Windows build/dependency adaptation
VPhoneExecutable/VPhoneCommand/FirmwarePatcher/Kernel/JailbreakPatches/Sandbox/KernelJailbreakPatchExecPolicyKill.swift,FirmwarePatcher,SHIMMABLE,swift,Core patching logic is algorithmic Swift but requires Windows build/dependency adaptation
VPhoneExecutable/VPhoneCommand/FirmwarePatcher/Kernel/JailbreakPatches/Sandbox/KernelJailbreakPatchFpfsScopedOpen.swift,FirmwarePatcher,SHIMMABLE,swift,Core patching logic is algorithmic Swift but requires Windows build/dependency adaptation
VPhoneExecutable/VPhoneCommand/FirmwarePatcher/Kernel/JailbreakPatches/Sandbox/KernelJailbreakPatchIoucMacf.swift,FirmwarePatcher,SHIMMABLE,swift,Core patching logic is algorithmic Swift but requires Windows build/dependency adaptation
VPhoneExecutable/VPhoneCommand/FirmwarePatcher/Kernel/JailbreakPatches/Sandbox/KernelJailbreakPatchIoucSandbox.swift,FirmwarePatcher,SHIMMABLE,swift,Core patching logic is algorithmic Swift but requires Windows build/dependency adaptation
VPhoneExecutable/VPhoneCommand/FirmwarePatcher/Kernel/JailbreakPatches/Sandbox/KernelJailbreakPatchMacMount.swift,FirmwarePatcher,SHIMMABLE,swift,Core patching logic is algorithmic Swift but requires Windows build/dependency adaptation
VPhoneExecutable/VPhoneCommand/FirmwarePatcher/Kernel/JailbreakPatches/Sandbox/KernelJailbreakPatchProcSecurity.swift,FirmwarePatcher,SHIMMABLE,swift,Core patching logic is algorithmic Swift but requires Windows build/dependency adaptation
VPhoneExecutable/VPhoneCommand/FirmwarePatcher/Kernel/JailbreakPatches/Sandbox/KernelJailbreakPatchSandboxExtended.swift,FirmwarePatcher,SHIMMABLE,swift,Core patching logic is algorithmic Swift but requires Windows build/dependency adaptation
VPhoneExecutable/VPhoneCommand/FirmwarePatcher/Kernel/JailbreakPatches/Storage/KernelJailbreakPatchBsdInitAuth.swift,FirmwarePatcher,SHIMMABLE,swift,Core patching logic is algorithmic Swift but requires Windows build/dependency adaptation
VPhoneExecutable/VPhoneCommand/FirmwarePatcher/Kernel/JailbreakPatches/Storage/KernelJailbreakPatchDiskImages2.swift,FirmwarePatcher,SHIMMABLE,swift,Core patching logic is algorithmic Swift but requires Windows build/dependency adaptation
VPhoneExecutable/VPhoneCommand/FirmwarePatcher/Kernel/JailbreakPatches/Storage/KernelJailbreakPatchDounmount.swift,FirmwarePatcher,SHIMMABLE,swift,Core patching logic is algorithmic Swift but requires Windows build/dependency adaptation
VPhoneExecutable/VPhoneCommand/FirmwarePatcher/Kernel/JailbreakPatches/Storage/KernelJailbreakPatchSecureRoot.swift,FirmwarePatcher,SHIMMABLE,swift,Core patching logic is algorithmic Swift but requires Windows build/dependency adaptation
VPhoneExecutable/VPhoneCommand/FirmwarePatcher/Kernel/KernelExperimentalPatcher.swift,FirmwarePatcher,SHIMMABLE,swift,Core patching logic is algorithmic Swift but requires Windows build/dependency adaptation
VPhoneExecutable/VPhoneCommand/FirmwarePatcher/Kernel/KernelJailbreakPatcher.swift,FirmwarePatcher,SHIMMABLE,swift,Core patching logic is algorithmic Swift but requires Windows build/dependency adaptation
VPhoneExecutable/VPhoneCommand/FirmwarePatcher/Kernel/KernelJailbreakPatcherBase.swift,FirmwarePatcher,SHIMMABLE,swift,Core patching logic is algorithmic Swift but requires Windows build/dependency adaptation
VPhoneExecutable/VPhoneCommand/FirmwarePatcher/Kernel/KernelPatcher.swift,FirmwarePatcher,SHIMMABLE,swift,Core patching logic is algorithmic Swift but requires Windows build/dependency adaptation
VPhoneExecutable/VPhoneCommand/FirmwarePatcher/Kernel/KernelPatcherBase.swift,FirmwarePatcher,SHIMMABLE,swift,Core patching logic is algorithmic Swift but requires Windows build/dependency adaptation
VPhoneExecutable/VPhoneCommand/FirmwarePatcher/Manifest/FirmwareManifest.swift,FirmwarePatcher,SHIMMABLE,swift,Core patching logic is algorithmic Swift but requires Windows build/dependency adaptation
VPhoneExecutable/VPhoneCommand/FirmwarePatcher/Manifest/ManifestHashPatcher.swift,FirmwarePatcher,SHIMMABLE,swift,Core patching logic is algorithmic Swift but requires Windows build/dependency adaptation
VPhoneExecutable/VPhoneCommand/FirmwarePatcher/PatchInfrastructure/PatchRecord.swift,FirmwarePatcher,SHIMMABLE,swift,Core patching logic is algorithmic Swift but requires Windows build/dependency adaptation
VPhoneExecutable/VPhoneCommand/FirmwarePatcher/PatchInfrastructure/PatcherError.swift,FirmwarePatcher,SHIMMABLE,swift,Core patching logic is algorithmic Swift but requires Windows build/dependency adaptation
VPhoneExecutable/VPhoneCommand/FirmwarePatcher/PatchInfrastructure/PatcherProtocol.swift,FirmwarePatcher,SHIMMABLE,swift,Core patching logic is algorithmic Swift but requires Windows build/dependency adaptation
VPhoneExecutable/VPhoneCommand/FirmwarePatcher/Pipeline/FirmwarePipeline.swift,FirmwarePatcher,SHIMMABLE,swift,Core patching logic is algorithmic Swift but requires Windows build/dependency adaptation
VPhoneExecutable/VPhoneCommand/FirmwarePatcher/Pipeline/FirmwarePipelineComponents.swift,FirmwarePatcher,SHIMMABLE,swift,Core patching logic is algorithmic Swift but requires Windows build/dependency adaptation
VPhoneExecutable/VPhoneCommand/FirmwarePatcher/Pipeline/FirmwarePipelineDiscovery.swift,FirmwarePatcher,SHIMMABLE,swift,Core patching logic is algorithmic Swift but requires Windows build/dependency adaptation
VPhoneExecutable/VPhoneCommand/FirmwarePatcher/TXM/TXMDevPatcher.swift,FirmwarePatcher,SHIMMABLE,swift,Core patching logic is algorithmic Swift but requires Windows build/dependency adaptation
VPhoneExecutable/VPhoneCommand/FirmwarePatcher/TXM/TXMPatcher.swift,FirmwarePatcher,SHIMMABLE,swift,Core patching logic is algorithmic Swift but requires Windows build/dependency adaptation
VPhoneExecutable/VPhoneCommand/FirmwarePatcherTestFixtures/DylibInjection/hello.m,FirmwarePatcherFixtures,APPLE_ONLY,m,Apple-target Objective-C fixture used by firmware patch tests
VPhoneExecutable/VPhoneCommand/FirmwarePatcherTestFixtures/DylibInjection/swizzle.m,FirmwarePatcherFixtures,APPLE_ONLY,m,Apple-target Objective-C fixture used by firmware patch tests
VPhoneExecutable/VPhoneCommand/FirmwarePatcherTests/Core/ARM64EncoderTests.swift,FirmwarePatcherTests,SHIMMABLE,swift,Swift tests are reusable but need Windows toolchain/fixture/path adaptation
VPhoneExecutable/VPhoneCommand/FirmwarePatcherTests/Core/CryptexFileOpsTests.swift,FirmwarePatcherTests,SHIMMABLE,swift,Swift tests are reusable but need Windows toolchain/fixture/path adaptation
VPhoneExecutable/VPhoneCommand/FirmwarePatcherTests/Core/FirmwareManifestSelectionTests.swift,FirmwarePatcherTests,SHIMMABLE,swift,Swift tests are reusable but need Windows toolchain/fixture/path adaptation
VPhoneExecutable/VPhoneCommand/FirmwarePatcherTests/Core/FirmwarePatcherTests.swift,FirmwarePatcherTests,SHIMMABLE,swift,Swift tests are reusable but need Windows toolchain/fixture/path adaptation
VPhoneExecutable/VPhoneCommand/FirmwarePatcherTests/Core/MachOParserBoundsTests.swift,FirmwarePatcherTests,SHIMMABLE,swift,Swift tests are reusable but need Windows toolchain/fixture/path adaptation
VPhoneExecutable/VPhoneCommand/FirmwarePatcherTests/Core/PatchComparisonTests.swift,FirmwarePatcherTests,SHIMMABLE,swift,Swift tests are reusable but need Windows toolchain/fixture/path adaptation
VPhoneExecutable/VPhoneCommand/FirmwarePatcherTests/Core/VerboseJailbreakDebug.swift,FirmwarePatcherTests,SHIMMABLE,swift,Swift tests are reusable but need Windows toolchain/fixture/path adaptation
VPhoneExecutable/VPhoneCommand/FirmwarePatcherTests/CustomFirmware/CustomFirmwareCacheLoaderTests.swift,FirmwarePatcherTests,SHIMMABLE,swift,Swift tests are reusable but need Windows toolchain/fixture/path adaptation
VPhoneExecutable/VPhoneCommand/FirmwarePatcherTests/CustomFirmware/CustomFirmwareDaemonsTests.swift,FirmwarePatcherTests,SHIMMABLE,swift,Swift tests are reusable but need Windows toolchain/fixture/path adaptation
VPhoneExecutable/VPhoneCommand/FirmwarePatcherTests/CustomFirmware/CustomFirmwareDiskImageTests.swift,FirmwarePatcherTests,SHIMMABLE,swift,Swift tests are reusable but need Windows toolchain/fixture/path adaptation
VPhoneExecutable/VPhoneCommand/FirmwarePatcherTests/CustomFirmware/CustomFirmwareJetsamTests.swift,FirmwarePatcherTests,SHIMMABLE,swift,Swift tests are reusable but need Windows toolchain/fixture/path adaptation
VPhoneExecutable/VPhoneCommand/FirmwarePatcherTests/CustomFirmware/CustomFirmwareMachOTests.swift,FirmwarePatcherTests,SHIMMABLE,swift,Swift tests are reusable but need Windows toolchain/fixture/path adaptation
VPhoneExecutable/VPhoneCommand/FirmwarePatcherTests/CustomFirmware/CustomFirmwareMobileActivationTests.swift,FirmwarePatcherTests,SHIMMABLE,swift,Swift tests are reusable but need Windows toolchain/fixture/path adaptation
VPhoneExecutable/VPhoneCommand/FirmwarePatcherTests/CustomFirmware/CustomFirmwarePlistPatchTests.swift,FirmwarePatcherTests,SHIMMABLE,swift,Swift tests are reusable but need Windows toolchain/fixture/path adaptation
VPhoneExecutable/VPhoneCommand/FirmwarePatcherTests/CustomFirmware/CustomFirmwareSeputilTests.swift,FirmwarePatcherTests,SHIMMABLE,swift,Swift tests are reusable but need Windows toolchain/fixture/path adaptation
VPhoneExecutable/VPhoneCommand/FirmwarePatcherTests/CustomFirmware/CustomFirmwareWatchDogTests.swift,FirmwarePatcherTests,SHIMMABLE,swift,Swift tests are reusable but need Windows toolchain/fixture/path adaptation
VPhoneExecutable/VPhoneCommand/FirmwarePatcherTests/DyldSharedCache/DyldSharedCacheCameraPatcherTests.swift,FirmwarePatcherTests,SHIMMABLE,swift,Swift tests are reusable but need Windows toolchain/fixture/path adaptation
VPhoneExecutable/VPhoneCommand/FirmwarePatcherTests/DyldSharedCache/DyldSharedCacheFoundationTests.swift,FirmwarePatcherTests,SHIMMABLE,swift,Swift tests are reusable but need Windows toolchain/fixture/path adaptation
VPhoneExecutable/VPhoneCommand/FirmwarePatcherTests/DyldSharedCache/DyldSharedCacheHypervisorVirtualMachinePatcherTests.swift,FirmwarePatcherTests,SHIMMABLE,swift,Swift tests are reusable but need Windows toolchain/fixture/path adaptation
VPhoneExecutable/VPhoneCommand/FirmwarePatcherTests/DyldSharedCache/DyldSharedCacheIOMFBForceKernTests.swift,FirmwarePatcherTests,SHIMMABLE,swift,Swift tests are reusable but need Windows toolchain/fixture/path adaptation
VPhoneExecutable/VPhoneCommand/FirmwarePatcherTests/DyldSharedCache/DyldSharedCacheIOMFBSwapEndTests.swift,FirmwarePatcherTests,SHIMMABLE,swift,Swift tests are reusable but need Windows toolchain/fixture/path adaptation
VPhoneExecutable/VPhoneCommand/FirmwarePatcherTests/DyldSharedCache/DyldSharedCacheLSDEmbeddedRegTests.swift,FirmwarePatcherTests,SHIMMABLE,swift,Swift tests are reusable but need Windows toolchain/fixture/path adaptation
VPhoneExecutable/VPhoneCommand/FirmwarePatcherTests/DyldSharedCache/DyldSharedCacheLockdownModePatcherTests.swift,FirmwarePatcherTests,SHIMMABLE,swift,Swift tests are reusable but need Windows toolchain/fixture/path adaptation
VPhoneExecutable/VPhoneCommand/FirmwarePatcherTests/DyldSharedCache/DyldSharedCacheMaxSlidePatcherTests.swift,FirmwarePatcherTests,SHIMMABLE,swift,Swift tests are reusable but need Windows toolchain/fixture/path adaptation
VPhoneExecutable/VPhoneCommand/FirmwarePatcherTests/DyldSharedCache/DyldSharedCacheXPCLWCRPatcherTests.swift,FirmwarePatcherTests,SHIMMABLE,swift,Swift tests are reusable but need Windows toolchain/fixture/path adaptation
VPhoneExecutable/VPhoneCommand/VPhoneCommand/Archive/VPhoneArchiveCommand.swift,VPhoneCommand,SHIMMABLE,swift,CLI/orchestration semantics can be retained behind platform adapters
VPhoneExecutable/VPhoneCommand/VPhoneCommand/Firmware/VPhoneCustomFirmwareDyldSharedCacheVerbsCommand.swift,VPhoneCommand,SHIMMABLE,swift,CLI/orchestration semantics can be retained behind platform adapters
VPhoneExecutable/VPhoneCommand/VPhoneCommand/Firmware/VPhoneCustomFirmwareInstaller.swift,VPhoneCommand,SHIMMABLE,swift,CLI/orchestration semantics can be retained behind platform adapters
VPhoneExecutable/VPhoneCommand/VPhoneCommand/Firmware/VPhoneCustomFirmwareMachOVerbsCommand.swift,VPhoneCommand,SHIMMABLE,swift,CLI/orchestration semantics can be retained behind platform adapters
VPhoneExecutable/VPhoneCommand/VPhoneCommand/Firmware/VPhoneCustomFirmwarePatchCommand.swift,VPhoneCommand,SHIMMABLE,swift,CLI/orchestration semantics can be retained behind platform adapters
VPhoneExecutable/VPhoneCommand/VPhoneCommand/Firmware/VPhoneFirmwareAEACommand.swift,VPhoneCommand,SHIMMABLE,swift,CLI/orchestration semantics can be retained behind platform adapters
VPhoneExecutable/VPhoneCommand/VPhoneCommand/Firmware/VPhoneFirmwareCommand.swift,VPhoneCommand,SHIMMABLE,swift,CLI/orchestration semantics can be retained behind platform adapters
VPhoneExecutable/VPhoneCommand/VPhoneCommand/Firmware/VPhoneFirmwareDownloadCommand.swift,VPhoneCommand,SHIMMABLE,swift,CLI/orchestration semantics can be retained behind platform adapters
VPhoneExecutable/VPhoneCommand/VPhoneCommand/Firmware/VPhoneFirmwarePreparer.swift,VPhoneCommand,SHIMMABLE,swift,CLI/orchestration semantics can be retained behind platform adapters
VPhoneExecutable/VPhoneCommand/VPhoneCommand/Firmware/VPhoneFirmwareSourceSelection.swift,VPhoneCommand,SHIMMABLE,swift,CLI/orchestration semantics can be retained behind platform adapters
VPhoneExecutable/VPhoneCommand/VPhoneCommand/Host/VPhoneHostAutomationProbe.swift,VPhoneCommand,SHIMMABLE,swift,CLI/orchestration semantics can be retained behind platform adapters
VPhoneExecutable/VPhoneCommand/VPhoneCommand/Host/VPhoneHostPreflight.swift,VPhoneCommand,SHIMMABLE,swift,CLI/orchestration semantics can be retained behind platform adapters
VPhoneExecutable/VPhoneCommand/VPhoneCommand/Host/VPhonePCCGPURecovery.swift,VPhoneCommand,SHIMMABLE,swift,CLI/orchestration semantics can be retained behind platform adapters
VPhoneExecutable/VPhoneCommand/VPhoneCommand/Restore/VPhoneRestoreCommand.swift,VPhoneCommand,SHIMMABLE,swift,CLI/orchestration semantics can be retained behind platform adapters
VPhoneExecutable/VPhoneCommand/VPhoneCommand/Signing/VPhoneSignCommand.swift,VPhoneCommand,SHIMMABLE,swift,CLI/orchestration semantics can be retained behind platform adapters
VPhoneExecutable/VPhoneCommand/VPhoneCommand/Support/VPhoneProgressBar.swift,VPhoneCommand,SHIMMABLE,swift,CLI/orchestration semantics can be retained behind platform adapters
VPhoneExecutable/VPhoneCommand/VPhoneCommand/VPhoneCommand.swift,VPhoneCommand,SHIMMABLE,swift,CLI/orchestration semantics can be retained behind platform adapters
VPhoneExecutable/VPhoneCommand/VPhoneCommand/VirtualMachine/VPhoneVirtualMachineCommand.swift,VPhoneCommand,SHIMMABLE,swift,CLI/orchestration semantics can be retained behind platform adapters
VPhoneExecutable/VPhoneCommand/VPhoneCommand/VirtualMachine/VPhoneVirtualMachineCreateCommand.swift,VPhoneCommand,SHIMMABLE,swift,CLI/orchestration semantics can be retained behind platform adapters
VPhoneExecutable/VPhoneCommand/VPhoneCommand/VirtualMachine/VPhoneVirtualMachineCreateOptions.swift,VPhoneCommand,SHIMMABLE,swift,CLI/orchestration semantics can be retained behind platform adapters
VPhoneExecutable/VPhoneCommand/VPhoneCommand/VirtualMachine/VPhoneVirtualMachineCreator.swift,VPhoneCommand,SHIMMABLE,swift,CLI/orchestration semantics can be retained behind platform adapters
VPhoneExecutable/VPhoneCommand/VPhoneCommand/VirtualMachine/VPhoneVirtualMachineLaunchCommand.swift,VPhoneCommand,SHIMMABLE,swift,CLI/orchestration semantics can be retained behind platform adapters
VPhoneExecutable/VPhoneCommand/VPhoneCommand/VirtualMachine/VPhoneVirtualMachineSelection.swift,VPhoneCommand,SHIMMABLE,swift,CLI/orchestration semantics can be retained behind platform adapters
VPhoneExecutable/VPhoneCommand/VPhoneCommand/VirtualMachine/VPhoneVirtualMachineTransferCommand.swift,VPhoneCommand,SHIMMABLE,swift,CLI/orchestration semantics can be retained behind platform adapters
VPhoneExecutable/VPhoneCommand/VPhoneCommand/main.swift,VPhoneCommand,SHIMMABLE,swift,CLI/orchestration semantics can be retained behind platform adapters
VPhoneExecutable/VPhoneCommand/VPhoneRestore/MobileRecoveryCore/libirecovery.c,MobileRestoreCore,SHIMMABLE,c,Portable C lineage with POSIX/external-library dependencies and existing Windows conditionals
VPhoneExecutable/VPhoneCommand/VPhoneRestore/MobileRestoreCore/Bridge/vphone_restore_bridge.c,MobileRestoreCore,SHIMMABLE,c,Portable C lineage with POSIX/external-library dependencies and existing Windows conditionals
VPhoneExecutable/VPhoneCommand/VPhoneRestore/MobileRestoreCore/Bridge/vphone_zip_stub.c,MobileRestoreCore,SHIMMABLE,c,Portable C lineage with POSIX/external-library dependencies and existing Windows conditionals
VPhoneExecutable/VPhoneCommand/VPhoneRestore/MobileRestoreCore/Core/common.c,MobileRestoreCore,SHIMMABLE,c,Portable C lineage with POSIX/external-library dependencies and existing Windows conditionals
VPhoneExecutable/VPhoneCommand/VPhoneRestore/MobileRestoreCore/Core/deviceinterfaced.c,MobileRestoreCore,SHIMMABLE,c,Portable C lineage with POSIX/external-library dependencies and existing Windows conditionals
VPhoneExecutable/VPhoneCommand/VPhoneRestore/MobileRestoreCore/Core/idevicerestore.c,MobileRestoreCore,SHIMMABLE,c,Portable C lineage with POSIX/external-library dependencies and existing Windows conditionals
VPhoneExecutable/VPhoneCommand/VPhoneRestore/MobileRestoreCore/Core/locking.c,MobileRestoreCore,SHIMMABLE,c,Portable C lineage with POSIX/external-library dependencies and existing Windows conditionals
VPhoneExecutable/VPhoneCommand/VPhoneRestore/MobileRestoreCore/Core/log.c,MobileRestoreCore,SHIMMABLE,c,Portable C lineage with POSIX/external-library dependencies and existing Windows conditionals
VPhoneExecutable/VPhoneCommand/VPhoneRestore/MobileRestoreCore/Firmware/Containers/fls.c,MobileRestoreCore,SHIMMABLE,c,Portable C lineage with POSIX/external-library dependencies and existing Windows conditionals
VPhoneExecutable/VPhoneCommand/VPhoneRestore/MobileRestoreCore/Firmware/Containers/ftab.c,MobileRestoreCore,SHIMMABLE,c,Portable C lineage with POSIX/external-library dependencies and existing Windows conditionals
VPhoneExecutable/VPhoneCommand/VPhoneRestore/MobileRestoreCore/Firmware/Containers/mbn.c,MobileRestoreCore,SHIMMABLE,c,Portable C lineage with POSIX/external-library dependencies and existing Windows conditionals
VPhoneExecutable/VPhoneCommand/VPhoneRestore/MobileRestoreCore/Firmware/Images/ace3.c,MobileRestoreCore,SHIMMABLE,c,Portable C lineage with POSIX/external-library dependencies and existing Windows conditionals
VPhoneExecutable/VPhoneCommand/VPhoneRestore/MobileRestoreCore/Firmware/Images/img3.c,MobileRestoreCore,SHIMMABLE,c,Portable C lineage with POSIX/external-library dependencies and existing Windows conditionals
VPhoneExecutable/VPhoneCommand/VPhoneRestore/MobileRestoreCore/Firmware/Images/img4.c,MobileRestoreCore,SHIMMABLE,c,Portable C lineage with POSIX/external-library dependencies and existing Windows conditionals
VPhoneExecutable/VPhoneCommand/VPhoneRestore/MobileRestoreCore/Recovery/dfu.c,MobileRestoreCore,SHIMMABLE,c,Portable C lineage with POSIX/external-library dependencies and existing Windows conditionals
VPhoneExecutable/VPhoneCommand/VPhoneRestore/MobileRestoreCore/Recovery/limera1n.c,MobileRestoreCore,SHIMMABLE,c,Portable C lineage with POSIX/external-library dependencies and existing Windows conditionals
VPhoneExecutable/VPhoneCommand/VPhoneRestore/MobileRestoreCore/Recovery/normal.c,MobileRestoreCore,SHIMMABLE,c,Portable C lineage with POSIX/external-library dependencies and existing Windows conditionals
VPhoneExecutable/VPhoneCommand/VPhoneRestore/MobileRestoreCore/Recovery/recovery.c,MobileRestoreCore,SHIMMABLE,c,Portable C lineage with POSIX/external-library dependencies and existing Windows conditionals
VPhoneExecutable/VPhoneCommand/VPhoneRestore/MobileRestoreCore/Transfer/asr.c,MobileRestoreCore,SHIMMABLE,c,Portable C lineage with POSIX/external-library dependencies and existing Windows conditionals
VPhoneExecutable/VPhoneCommand/VPhoneRestore/MobileRestoreCore/Transfer/download.c,MobileRestoreCore,SHIMMABLE,c,Portable C lineage with POSIX/external-library dependencies and existing Windows conditionals
VPhoneExecutable/VPhoneCommand/VPhoneRestore/MobileRestoreCore/Transfer/fdr.c,MobileRestoreCore,SHIMMABLE,c,Portable C lineage with POSIX/external-library dependencies and existing Windows conditionals
VPhoneExecutable/VPhoneCommand/VPhoneRestore/MobileRestoreCore/Transfer/ipsw.c,MobileRestoreCore,SHIMMABLE,c,Portable C lineage with POSIX/external-library dependencies and existing Windows conditionals
VPhoneExecutable/VPhoneCommand/VPhoneRestore/MobileRestoreCore/Transfer/restore.c,MobileRestoreCore,SHIMMABLE,c,Portable C lineage with POSIX/external-library dependencies and existing Windows conditionals
VPhoneExecutable/VPhoneCommand/VPhoneRestore/VPhoneRestore/Recovery/VPhoneRecoveryProbe.swift,VPhoneRestore,SHIMMABLE,swift,Restore orchestration is reusable with platform/dependency adapters
VPhoneExecutable/VPhoneCommand/VPhoneRestore/VPhoneRestore/Restore/VPhoneRestoreIdentity.swift,VPhoneRestore,SHIMMABLE,swift,Restore orchestration is reusable with platform/dependency adapters
VPhoneExecutable/VPhoneCommand/VPhoneRestore/VPhoneRestore/Restore/VPhoneRestoreLayout.swift,VPhoneRestore,SHIMMABLE,swift,Restore orchestration is reusable with platform/dependency adapters
VPhoneExecutable/VPhoneCommand/VPhoneRestore/VPhoneRestore/Restore/VPhoneRestoreOptions.swift,VPhoneRestore,SHIMMABLE,swift,Restore orchestration is reusable with platform/dependency adapters
VPhoneExecutable/VPhoneCommand/VPhoneRestore/VPhoneRestore/Restore/VPhoneRestoreRunner.swift,VPhoneRestore,SHIMMABLE,swift,Restore orchestration is reusable with platform/dependency adapters
VPhoneExecutable/VPhoneCommand/VPhoneRestore/VPhoneRestore/Restore/VPhoneRestoreService.swift,VPhoneRestore,SHIMMABLE,swift,Restore orchestration is reusable with platform/dependency adapters
VPhoneExecutable/VPhoneCommand/VPhoneRestore/VPhoneRestore/Restore/VPhoneRestoreTicket.swift,VPhoneRestore,SHIMMABLE,swift,Restore orchestration is reusable with platform/dependency adapters
VPhoneExecutable/VPhoneCommand/VPhoneRestore/VPhoneRestore/Support/VPhoneRestoreBackendError.swift,VPhoneRestore,SHIMMABLE,swift,Restore orchestration is reusable with platform/dependency adapters
VPhoneExecutable/VPhoneCommand/VPhoneRestore/VPhoneRestore/Support/VPhoneRestoreEvent.swift,VPhoneRestore,SHIMMABLE,swift,Restore orchestration is reusable with platform/dependency adapters
VPhoneExecutable/VPhoneCommand/VPhoneRestore/VPhoneRestoreTests/RestoreEventTests.swift,VPhoneRestoreTests,SHIMMABLE,swift,Restore tests can be reused after Windows backend/dependency shims
VPhoneExecutable/VPhoneCommand/VPhoneRestore/VPhoneRestoreTests/RestoreIdentityTests.swift,VPhoneRestoreTests,SHIMMABLE,swift,Restore tests can be reused after Windows backend/dependency shims
VPhoneExecutable/VPhoneCommand/VPhoneRestore/VPhoneRestoreTests/RestoreLayoutTests.swift,VPhoneRestoreTests,SHIMMABLE,swift,Restore tests can be reused after Windows backend/dependency shims
VPhoneExecutable/VPhoneCommand/VPhoneRestore/VPhoneRestoreTests/RestoreOptionsTests.swift,VPhoneRestoreTests,SHIMMABLE,swift,Restore tests can be reused after Windows backend/dependency shims
VPhoneExecutable/VPhoneCommand/VPhoneRestore/VPhoneRestoreTests/RestoreRunnerTests.swift,VPhoneRestoreTests,SHIMMABLE,swift,Restore tests can be reused after Windows backend/dependency shims
VPhoneExecutable/VPhoneCommand/VPhoneRestore/VPhoneRestoreTests/RestoreTicketTests.swift,VPhoneRestoreTests,SHIMMABLE,swift,Restore tests can be reused after Windows backend/dependency shims
VPhoneExecutable/VPhoneCommand/VPhoneSign/Entitlements/VPhoneSignDER.swift,VPhoneSign,SHIMMABLE,swift,Mach-O/signing logic is reusable but Apple Security/Crypto APIs need adapters
VPhoneExecutable/VPhoneCommand/VPhoneSign/Entitlements/VPhoneSignEntitlements.swift,VPhoneSign,SHIMMABLE,swift,Mach-O/signing logic is reusable but Apple Security/Crypto APIs need adapters
VPhoneExecutable/VPhoneCommand/VPhoneSign/Entitlements/VPhoneSignEntitlementsReader.swift,VPhoneSign,SHIMMABLE,swift,Mach-O/signing logic is reusable but Apple Security/Crypto APIs need adapters
VPhoneExecutable/VPhoneCommand/VPhoneSign/Identity/VPhoneSignIdentity.swift,VPhoneSign,SHIMMABLE,swift,Mach-O/signing logic is reusable but Apple Security/Crypto APIs need adapters
VPhoneExecutable/VPhoneCommand/VPhoneSign/Identity/VPhoneSignPKCS12.swift,VPhoneSign,SHIMMABLE,swift,Mach-O/signing logic is reusable but Apple Security/Crypto APIs need adapters
VPhoneExecutable/VPhoneCommand/VPhoneSign/MachO/VPhoneCodeSignature.swift,VPhoneSign,SHIMMABLE,swift,Mach-O/signing logic is reusable but Apple Security/Crypto APIs need adapters
VPhoneExecutable/VPhoneCommand/VPhoneSign/MachO/VPhoneMachOImage.swift,VPhoneSign,SHIMMABLE,swift,Mach-O/signing logic is reusable but Apple Security/Crypto APIs need adapters
VPhoneExecutable/VPhoneCommand/VPhoneSign/Signing/VPhoneSignBytes.swift,VPhoneSign,SHIMMABLE,swift,Mach-O/signing logic is reusable but Apple Security/Crypto APIs need adapters
VPhoneExecutable/VPhoneCommand/VPhoneSign/Signing/VPhoneSignError.swift,VPhoneSign,SHIMMABLE,swift,Mach-O/signing logic is reusable but Apple Security/Crypto APIs need adapters
VPhoneExecutable/VPhoneCommand/VPhoneSign/Signing/VPhoneSigner.swift,VPhoneSign,SHIMMABLE,swift,Mach-O/signing logic is reusable but Apple Security/Crypto APIs need adapters
VPhoneExecutable/VPhoneCommand/VPhoneSignTestFixtures/Sources/hello.c,VPhoneSignFixtures,PORTABLE,c,Small standards-based C signing fixtures
VPhoneExecutable/VPhoneCommand/VPhoneSignTestFixtures/Sources/library.c,VPhoneSignFixtures,PORTABLE,c,Small standards-based C signing fixtures
VPhoneExecutable/VPhoneCommand/VPhoneSignTests/VPhoneSignBlobs.swift,VPhoneSignTests,SHIMMABLE,swift,Signing tests require Windows Swift/Crypto/Security substitutions
VPhoneExecutable/VPhoneCommand/VPhoneSignTests/VPhoneSignEntitlementsTests.swift,VPhoneSignTests,SHIMMABLE,swift,Signing tests require Windows Swift/Crypto/Security substitutions
VPhoneExecutable/VPhoneCommand/VPhoneSignTests/VPhoneSignFixtures.swift,VPhoneSignTests,SHIMMABLE,swift,Signing tests require Windows Swift/Crypto/Security substitutions
VPhoneExecutable/VPhoneCommand/VPhoneSignTests/VPhoneSignParityTests.swift,VPhoneSignTests,SHIMMABLE,swift,Signing tests require Windows Swift/Crypto/Security substitutions
VPhoneExecutable/VPhoneCommand/VPhoneSignTests/VPhoneSignStyleTests.swift,VPhoneSignTests,SHIMMABLE,swift,Signing tests require Windows Swift/Crypto/Security substitutions
VPhoneExecutable/VPhoneEscalator/VPhoneEscalator/VPhoneEscalator.c,VPhoneEscalator,APPLE_ONLY,c,macOS host security/escalation helper; not valid Windows runtime surface
VPhoneExecutable/VPhoneVirtualization/UI/GuestCommunication/VPhoneAPIProxy.swift,VPhoneVirtualization,REWRITE,swift,macOS host runtime/UI is coupled to AppKit and Virtualization.framework
VPhoneExecutable/VPhoneVirtualization/UI/GuestCommunication/VPhoneGuestControl.swift,VPhoneVirtualization,REWRITE,swift,macOS host runtime/UI is coupled to AppKit and Virtualization.framework
VPhoneExecutable/VPhoneVirtualization/UI/GuestCommunication/VPhoneGuestControlApps.swift,VPhoneVirtualization,REWRITE,swift,macOS host runtime/UI is coupled to AppKit and Virtualization.framework
VPhoneExecutable/VPhoneVirtualization/UI/GuestCommunication/VPhoneGuestControlKeychain.swift,VPhoneVirtualization,REWRITE,swift,macOS host runtime/UI is coupled to AppKit and Virtualization.framework
VPhoneExecutable/VPhoneVirtualization/UI/GuestCommunication/VPhoneGuestControlSystem.swift,VPhoneVirtualization,REWRITE,swift,macOS host runtime/UI is coupled to AppKit and Virtualization.framework
VPhoneExecutable/VPhoneVirtualization/UI/HostDevices/VPhoneCameraServer.swift,VPhoneVirtualization,REWRITE,swift,macOS host runtime/UI is coupled to AppKit and Virtualization.framework
VPhoneExecutable/VPhoneVirtualization/UI/HostDevices/VPhoneFrameProducer.swift,VPhoneVirtualization,REWRITE,swift,macOS host runtime/UI is coupled to AppKit and Virtualization.framework
VPhoneExecutable/VPhoneVirtualization/UI/HostDevices/VPhoneLocationProvider.swift,VPhoneVirtualization,REWRITE,swift,macOS host runtime/UI is coupled to AppKit and Virtualization.framework
VPhoneExecutable/VPhoneVirtualization/UI/HostDevices/VPhoneScreenRecorder.swift,VPhoneVirtualization,REWRITE,swift,macOS host runtime/UI is coupled to AppKit and Virtualization.framework
VPhoneExecutable/VPhoneVirtualization/UI/HostDevices/VPhoneTouchIDMonitor.swift,VPhoneVirtualization,REWRITE,swift,macOS host runtime/UI is coupled to AppKit and Virtualization.framework
VPhoneExecutable/VPhoneVirtualization/UI/UserInterface/Browsers/Apps/VPhoneAppBrowserModel.swift,VPhoneVirtualization,REWRITE,swift,macOS host runtime/UI is coupled to AppKit and Virtualization.framework
VPhoneExecutable/VPhoneVirtualization/UI/UserInterface/Browsers/Apps/VPhoneAppBrowserView.swift,VPhoneVirtualization,REWRITE,swift,macOS host runtime/UI is coupled to AppKit and Virtualization.framework
VPhoneExecutable/VPhoneVirtualization/UI/UserInterface/Browsers/Apps/VPhoneAppWindowController.swift,VPhoneVirtualization,REWRITE,swift,macOS host runtime/UI is coupled to AppKit and Virtualization.framework
VPhoneExecutable/VPhoneVirtualization/UI/UserInterface/Browsers/Files/VPhoneFileBrowserModel.swift,VPhoneVirtualization,REWRITE,swift,macOS host runtime/UI is coupled to AppKit and Virtualization.framework
VPhoneExecutable/VPhoneVirtualization/UI/UserInterface/Browsers/Files/VPhoneFileBrowserView.swift,VPhoneVirtualization,REWRITE,swift,macOS host runtime/UI is coupled to AppKit and Virtualization.framework
VPhoneExecutable/VPhoneVirtualization/UI/UserInterface/Browsers/Files/VPhoneFileWindowController.swift,VPhoneVirtualization,REWRITE,swift,macOS host runtime/UI is coupled to AppKit and Virtualization.framework
VPhoneExecutable/VPhoneVirtualization/UI/UserInterface/Browsers/Files/VPhoneRemoteFile.swift,VPhoneVirtualization,REWRITE,swift,macOS host runtime/UI is coupled to AppKit and Virtualization.framework
VPhoneExecutable/VPhoneVirtualization/UI/UserInterface/Browsers/Keychain/VPhoneKeychainBrowserModel.swift,VPhoneVirtualization,REWRITE,swift,macOS host runtime/UI is coupled to AppKit and Virtualization.framework
VPhoneExecutable/VPhoneVirtualization/UI/UserInterface/Browsers/Keychain/VPhoneKeychainBrowserView.swift,VPhoneVirtualization,REWRITE,swift,macOS host runtime/UI is coupled to AppKit and Virtualization.framework
VPhoneExecutable/VPhoneVirtualization/UI/UserInterface/Browsers/Keychain/VPhoneKeychainItem.swift,VPhoneVirtualization,REWRITE,swift,macOS host runtime/UI is coupled to AppKit and Virtualization.framework
VPhoneExecutable/VPhoneVirtualization/UI/UserInterface/Browsers/Keychain/VPhoneKeychainWindowController.swift,VPhoneVirtualization,REWRITE,swift,macOS host runtime/UI is coupled to AppKit and Virtualization.framework
VPhoneExecutable/VPhoneVirtualization/UI/UserInterface/Browsers/Preview/VPhoneQuickLookController.swift,VPhoneVirtualization,REWRITE,swift,macOS host runtime/UI is coupled to AppKit and Virtualization.framework
VPhoneExecutable/VPhoneVirtualization/UI/UserInterface/GuestTools/VPhoneGuestClipboardModel.swift,VPhoneVirtualization,REWRITE,swift,macOS host runtime/UI is coupled to AppKit and Virtualization.framework
VPhoneExecutable/VPhoneVirtualization/UI/UserInterface/GuestTools/VPhoneGuestClipboardView.swift,VPhoneVirtualization,REWRITE,swift,macOS host runtime/UI is coupled to AppKit and Virtualization.framework
VPhoneExecutable/VPhoneVirtualization/UI/UserInterface/GuestTools/VPhoneGuestPreferenceEntry.swift,VPhoneVirtualization,REWRITE,swift,macOS host runtime/UI is coupled to AppKit and Virtualization.framework
VPhoneExecutable/VPhoneVirtualization/UI/UserInterface/GuestTools/VPhoneGuestPreferencesModel.swift,VPhoneVirtualization,REWRITE,swift,macOS host runtime/UI is coupled to AppKit and Virtualization.framework
VPhoneExecutable/VPhoneVirtualization/UI/UserInterface/GuestTools/VPhoneGuestPreferencesView.swift,VPhoneVirtualization,REWRITE,swift,macOS host runtime/UI is coupled to AppKit and Virtualization.framework
VPhoneExecutable/VPhoneVirtualization/UI/UserInterface/GuestTools/VPhoneGuestToolsShared.swift,VPhoneVirtualization,REWRITE,swift,macOS host runtime/UI is coupled to AppKit and Virtualization.framework
VPhoneExecutable/VPhoneVirtualization/UI/UserInterface/GuestTools/VPhoneGuestToolsWindowController.swift,VPhoneVirtualization,REWRITE,swift,macOS host runtime/UI is coupled to AppKit and Virtualization.framework
VPhoneExecutable/VPhoneVirtualization/UI/UserInterface/Menu/VPhoneMenuApps.swift,VPhoneVirtualization,REWRITE,swift,macOS host runtime/UI is coupled to AppKit and Virtualization.framework
VPhoneExecutable/VPhoneVirtualization/UI/UserInterface/Menu/VPhoneMenuBattery.swift,VPhoneVirtualization,REWRITE,swift,macOS host runtime/UI is coupled to AppKit and Virtualization.framework
VPhoneExecutable/VPhoneVirtualization/UI/UserInterface/Menu/VPhoneMenuCamera.swift,VPhoneVirtualization,REWRITE,swift,macOS host runtime/UI is coupled to AppKit and Virtualization.framework
VPhoneExecutable/VPhoneVirtualization/UI/UserInterface/Menu/VPhoneMenuConnect.swift,VPhoneVirtualization,REWRITE,swift,macOS host runtime/UI is coupled to AppKit and Virtualization.framework
VPhoneExecutable/VPhoneVirtualization/UI/UserInterface/Menu/VPhoneMenuController.swift,VPhoneVirtualization,REWRITE,swift,macOS host runtime/UI is coupled to AppKit and Virtualization.framework
VPhoneExecutable/VPhoneVirtualization/UI/UserInterface/Menu/VPhoneMenuKeys.swift,VPhoneVirtualization,REWRITE,swift,macOS host runtime/UI is coupled to AppKit and Virtualization.framework
VPhoneExecutable/VPhoneVirtualization/UI/UserInterface/Menu/VPhoneMenuLocation.swift,VPhoneVirtualization,REWRITE,swift,macOS host runtime/UI is coupled to AppKit and Virtualization.framework
VPhoneExecutable/VPhoneVirtualization/UI/UserInterface/Menu/VPhoneMenuRecord.swift,VPhoneVirtualization,REWRITE,swift,macOS host runtime/UI is coupled to AppKit and Virtualization.framework
VPhoneExecutable/VPhoneVirtualization/UI/UserInterface/VPhoneAlert.swift,VPhoneVirtualization,REWRITE,swift,macOS host runtime/UI is coupled to AppKit and Virtualization.framework
VPhoneExecutable/VPhoneVirtualization/UI/UserInterface/VPhoneLocalization.swift,VPhoneVirtualization,REWRITE,swift,macOS host runtime/UI is coupled to AppKit and Virtualization.framework
VPhoneExecutable/VPhoneVirtualization/UI/UserInterface/VPhoneVirtualMachineKeySender.swift,VPhoneVirtualization,REWRITE,swift,macOS host runtime/UI is coupled to AppKit and Virtualization.framework
VPhoneExecutable/VPhoneVirtualization/UI/UserInterface/VPhoneVirtualMachineWindowController.swift,VPhoneVirtualization,REWRITE,swift,macOS host runtime/UI is coupled to AppKit and Virtualization.framework
VPhoneExecutable/VPhoneVirtualization/UI/VPhoneBootCommand+VirtualMachine.swift,VPhoneVirtualization,REWRITE,swift,macOS host runtime/UI is coupled to AppKit and Virtualization.framework
VPhoneExecutable/VPhoneVirtualization/UI/VPhoneGuestApp.swift,VPhoneVirtualization,REWRITE,swift,macOS host runtime/UI is coupled to AppKit and Virtualization.framework
VPhoneExecutable/VPhoneVirtualization/UI/VPhoneHostAutomationServer.swift,VPhoneVirtualization,REWRITE,swift,macOS host runtime/UI is coupled to AppKit and Virtualization.framework
VPhoneExecutable/VPhoneVirtualization/UI/VPhoneVirtualMachineAppDelegate.swift,VPhoneVirtualization,REWRITE,swift,macOS host runtime/UI is coupled to AppKit and Virtualization.framework
VPhoneExecutable/VPhoneVirtualization/UI/VirtualMachine/VPhoneVirtualMachine.swift,VPhoneVirtualization,REWRITE,swift,macOS host runtime/UI is coupled to AppKit and Virtualization.framework
VPhoneExecutable/VPhoneVirtualization/UI/VirtualMachine/VPhoneVirtualMachineError.swift,VPhoneVirtualization,REWRITE,swift,macOS host runtime/UI is coupled to AppKit and Virtualization.framework
VPhoneExecutable/VPhoneVirtualization/UI/VirtualMachine/VPhoneVirtualMachineHardwareModel.swift,VPhoneVirtualization,REWRITE,swift,macOS host runtime/UI is coupled to AppKit and Virtualization.framework
VPhoneExecutable/VPhoneVirtualization/UI/VirtualMachine/VPhoneVirtualMachineView.swift,VPhoneVirtualization,REWRITE,swift,macOS host runtime/UI is coupled to AppKit and Virtualization.framework
VPhoneExecutable/VPhoneVirtualization/VirtualMachineProcess/main.swift,VPhoneVirtualization,REWRITE,swift,macOS host runtime/UI is coupled to AppKit and Virtualization.framework
VPhoneGuestComponents/CamFix/libcamfix.m,VPhoneGuestComponents,APPLE_ONLY,m,Guest-side iOS/Objective-C/C component; remains guest artifact
VPhoneGuestComponents/GraphicLoader/main.mm,VPhoneGuestComponents,APPLE_ONLY,mm,Guest-side iOS/Objective-C/C component; remains guest artifact
VPhoneGuestComponents/LaunchHook/launchdhook-vphone.c,VPhoneGuestComponents,APPLE_ONLY,c,Guest-side iOS/Objective-C/C component; remains guest artifact
VPhoneGuestComponents/SystemHook/SystemHook-vphone.c,VPhoneGuestComponents,APPLE_ONLY,c,Guest-side iOS/Objective-C/C component; remains guest artifact
VPhoneGuestComponents/VCamCaptured/libvcamcaptured.m,VPhoneGuestComponents,APPLE_ONLY,m,Guest-side iOS/Objective-C/C component; remains guest artifact
VPhoneKit/VPhoneArchiveKit/Archive/VPhoneArchiveError.swift,VPhoneArchiveKit,SHIMMABLE,swift,Archive logic is portable in intent but uses Swift/Foundation/libarchive behavior that must be proven on Windows
VPhoneKit/VPhoneArchiveKit/Archive/VPhoneArchiveExtractor.swift,VPhoneArchiveKit,SHIMMABLE,swift,Archive logic is portable in intent but uses Swift/Foundation/libarchive behavior that must be proven on Windows
VPhoneKit/VPhoneArchiveKit/Archive/VPhoneArchiveOptions.swift,VPhoneArchiveKit,SHIMMABLE,swift,Archive logic is portable in intent but uses Swift/Foundation/libarchive behavior that must be proven on Windows
VPhoneKit/VPhoneArchiveKit/Archive/VPhoneArchivePaths.swift,VPhoneArchiveKit,SHIMMABLE,swift,Archive logic is portable in intent but uses Swift/Foundation/libarchive behavior that must be proven on Windows
VPhoneKit/VPhoneArchiveKit/Archive/VPhoneArchiveReader.swift,VPhoneArchiveKit,SHIMMABLE,swift,Archive logic is portable in intent but uses Swift/Foundation/libarchive behavior that must be proven on Windows
VPhoneKit/VPhoneArchiveKit/Archive/VPhoneArchiveWriter.swift,VPhoneArchiveKit,SHIMMABLE,swift,Archive logic is portable in intent but uses Swift/Foundation/libarchive behavior that must be proven on Windows
VPhoneKit/VPhoneArchiveKit/Archive/VPhoneTreeFingerprint.swift,VPhoneArchiveKit,SHIMMABLE,swift,Archive logic is portable in intent but uses Swift/Foundation/libarchive behavior that must be proven on Windows
VPhoneKit/VPhoneArchiveKit/Transfer/VPhoneBundleTransfer.swift,VPhoneArchiveKit,SHIMMABLE,swift,Archive logic is portable in intent but uses Swift/Foundation/libarchive behavior that must be proven on Windows
VPhoneKit/VPhoneArchiveKit/Transfer/VPhoneIPSWCache.swift,VPhoneArchiveKit,SHIMMABLE,swift,Archive logic is portable in intent but uses Swift/Foundation/libarchive behavior that must be proven on Windows
VPhoneKit/VPhoneArchiveKitTests/BundleTransferTests.swift,VPhoneArchiveKitTests,SHIMMABLE,swift,Archive tests are conceptually portable; Windows filesystem/permission semantics need adaptation
VPhoneKit/VPhoneArchiveKitTests/ExtractPermissionsTests.swift,VPhoneArchiveKitTests,SHIMMABLE,swift,Archive tests are conceptually portable; Windows filesystem/permission semantics need adaptation
VPhoneKit/VPhoneArchiveKitTests/IPSWCacheTests.swift,VPhoneArchiveKitTests,SHIMMABLE,swift,Archive tests are conceptually portable; Windows filesystem/permission semantics need adaptation
VPhoneKit/VPhoneArchiveKitTests/NoOverwriteDirTests.swift,VPhoneArchiveKitTests,SHIMMABLE,swift,Archive tests are conceptually portable; Windows filesystem/permission semantics need adaptation
VPhoneKit/VPhoneArchiveKitTests/RoundTripTests.swift,VPhoneArchiveKitTests,SHIMMABLE,swift,Archive tests are conceptually portable; Windows filesystem/permission semantics need adaptation
VPhoneKit/VPhoneCoreKit/Bundle/VPhoneBundle.swift,VPhoneCoreKit,SHIMMABLE,swift,Core orchestration/data models are reusable but mix Foundation/Security/process/filesystem host assumptions
VPhoneKit/VPhoneCoreKit/Bundle/VPhoneBundleOperations.swift,VPhoneCoreKit,SHIMMABLE,swift,Core orchestration/data models are reusable but mix Foundation/Security/process/filesystem host assumptions
VPhoneKit/VPhoneCoreKit/Bundle/VPhoneBundleReport.swift,VPhoneCoreKit,SHIMMABLE,swift,Core orchestration/data models are reusable but mix Foundation/Security/process/filesystem host assumptions
VPhoneKit/VPhoneCoreKit/Firmware/VPhoneAEA.swift,VPhoneCoreKit,SHIMMABLE,swift,Core orchestration/data models are reusable but mix Foundation/Security/process/filesystem host assumptions
VPhoneKit/VPhoneCoreKit/Firmware/VPhoneAPFSSnapshot.swift,VPhoneCoreKit,REWRITE,swift,APFS snapshot workflow depends on Apple host facilities and needs Windows replacement
VPhoneKit/VPhoneCoreKit/Firmware/VPhoneFirmwareCatalog.swift,VPhoneCoreKit,SHIMMABLE,swift,Core orchestration/data models are reusable but mix Foundation/Security/process/filesystem host assumptions
VPhoneKit/VPhoneCoreKit/Firmware/VPhoneFirmwareIndex.swift,VPhoneCoreKit,SHIMMABLE,swift,Core orchestration/data models are reusable but mix Foundation/Security/process/filesystem host assumptions
VPhoneKit/VPhoneCoreKit/Firmware/VPhoneFirmwareMatrix.swift,VPhoneCoreKit,SHIMMABLE,swift,Core orchestration/data models are reusable but mix Foundation/Security/process/filesystem host assumptions
VPhoneKit/VPhoneCoreKit/Firmware/VPhoneFirmwarePicker.swift,VPhoneCoreKit,SHIMMABLE,swift,Core orchestration/data models are reusable but mix Foundation/Security/process/filesystem host assumptions
VPhoneKit/VPhoneCoreKit/Firmware/VPhoneInstallPackage.swift,VPhoneCoreKit,SHIMMABLE,swift,Core orchestration/data models are reusable but mix Foundation/Security/process/filesystem host assumptions
VPhoneKit/VPhoneCoreKit/Firmware/VPhonePCCGPUDriver.swift,VPhoneCoreKit,SHIMMABLE,swift,Core orchestration/data models are reusable but mix Foundation/Security/process/filesystem host assumptions
VPhoneKit/VPhoneCoreKit/Firmware/VPhoneRemoteZip.swift,VPhoneCoreKit,SHIMMABLE,swift,Core orchestration/data models are reusable but mix Foundation/Security/process/filesystem host assumptions
VPhoneKit/VPhoneCoreKit/Firmware/VPhoneResources.swift,VPhoneCoreKit,SHIMMABLE,swift,Core orchestration/data models are reusable but mix Foundation/Security/process/filesystem host assumptions
VPhoneKit/VPhoneCoreKit/Process/VPhoneHostFilePermissions.swift,VPhoneCoreKit,SHIMMABLE,swift,Core orchestration/data models are reusable but mix Foundation/Security/process/filesystem host assumptions
VPhoneKit/VPhoneCoreKit/Process/VPhoneInvokingUser.swift,VPhoneCoreKit,SHIMMABLE,swift,Core orchestration/data models are reusable but mix Foundation/Security/process/filesystem host assumptions
VPhoneKit/VPhoneCoreKit/Process/VPhoneManagedProcess.swift,VPhoneCoreKit,SHIMMABLE,swift,Core orchestration/data models are reusable but mix Foundation/Security/process/filesystem host assumptions
VPhoneKit/VPhoneCoreKit/Process/VPhoneProcessRunner.swift,VPhoneCoreKit,SHIMMABLE,swift,Core orchestration/data models are reusable but mix Foundation/Security/process/filesystem host assumptions
VPhoneKit/VPhoneCoreKit/Restore/VPhoneRestoreInfo.swift,VPhoneCoreKit,SHIMMABLE,swift,Core orchestration/data models are reusable but mix Foundation/Security/process/filesystem host assumptions
VPhoneKit/VPhoneCoreKit/Restore/VPhoneRestoreOperations.swift,VPhoneCoreKit,SHIMMABLE,swift,Core orchestration/data models are reusable but mix Foundation/Security/process/filesystem host assumptions
VPhoneKit/VPhoneCoreKit/Support/VPhoneNetworking.swift,VPhoneCoreKit,REWRITE,swift,Direct Virtualization.framework networking dependency
VPhoneKit/VPhoneCoreKit/Support/VPhoneVerbosity.swift,VPhoneCoreKit,SHIMMABLE,swift,Core orchestration/data models are reusable but mix Foundation/Security/process/filesystem host assumptions
VPhoneKit/VPhoneCoreKit/VirtualMachine/VPhoneBootCommand.swift,VPhoneCoreKit,SHIMMABLE,swift,Core orchestration/data models are reusable but mix Foundation/Security/process/filesystem host assumptions
VPhoneKit/VPhoneCoreKit/VirtualMachine/VPhoneBootPatterns.swift,VPhoneCoreKit,SHIMMABLE,swift,Core orchestration/data models are reusable but mix Foundation/Security/process/filesystem host assumptions
VPhoneKit/VPhoneCoreKit/VirtualMachine/VPhoneGuestBinaries.swift,VPhoneCoreKit,SHIMMABLE,swift,Core orchestration/data models are reusable but mix Foundation/Security/process/filesystem host assumptions
VPhoneKit/VPhoneCoreKit/VirtualMachine/VPhoneGuestLauncher.swift,VPhoneCoreKit,SHIMMABLE,swift,Core orchestration/data models are reusable but mix Foundation/Security/process/filesystem host assumptions
VPhoneKit/VPhoneCoreKit/VirtualMachine/VPhoneLaunchLayout.swift,VPhoneCoreKit,SHIMMABLE,swift,Core orchestration/data models are reusable but mix Foundation/Security/process/filesystem host assumptions
VPhoneKit/VPhoneCoreKit/VirtualMachine/VPhoneLibrary.swift,VPhoneCoreKit,SHIMMABLE,swift,Core orchestration/data models are reusable but mix Foundation/Security/process/filesystem host assumptions
VPhoneKit/VPhoneCoreKit/VirtualMachine/VPhoneVirtualMachineManifest.swift,VPhoneCoreKit,SHIMMABLE,swift,Core orchestration/data models are reusable but mix Foundation/Security/process/filesystem host assumptions
VPhoneKit/VPhoneCoreKit/VirtualMachine/VPhoneVirtualMachinePicker.swift,VPhoneCoreKit,SHIMMABLE,swift,Core orchestration/data models are reusable but mix Foundation/Security/process/filesystem host assumptions
VPhoneKit/VPhoneCoreKitTests/Bundle/BundleOperationsTests.swift,VPhoneCoreKitTests,SHIMMABLE,swift,Core tests are reusable after platform adapters and Windows Swift support
VPhoneKit/VPhoneCoreKitTests/Bundle/BundleReportTests.swift,VPhoneCoreKitTests,SHIMMABLE,swift,Core tests are reusable after platform adapters and Windows Swift support
VPhoneKit/VPhoneCoreKitTests/Firmware/APFSSnapshotTests.swift,VPhoneCoreKit,REWRITE,swift,APFS snapshot workflow depends on Apple host facilities and needs Windows replacement
VPhoneKit/VPhoneCoreKitTests/Firmware/FirmwareCatalogReportTests.swift,VPhoneCoreKitTests,SHIMMABLE,swift,Core tests are reusable after platform adapters and Windows Swift support
VPhoneKit/VPhoneCoreKitTests/Firmware/FirmwareMatrixTests.swift,VPhoneCoreKitTests,SHIMMABLE,swift,Core tests are reusable after platform adapters and Windows Swift support
VPhoneKit/VPhoneCoreKitTests/Firmware/FirmwarePickerTests.swift,VPhoneCoreKitTests,SHIMMABLE,swift,Core tests are reusable after platform adapters and Windows Swift support
VPhoneKit/VPhoneCoreKitTests/Firmware/PCCGPUDriverTests.swift,VPhoneCoreKitTests,SHIMMABLE,swift,Core tests are reusable after platform adapters and Windows Swift support
VPhoneKit/VPhoneCoreKitTests/Firmware/ResourcesTests.swift,VPhoneCoreKitTests,SHIMMABLE,swift,Core tests are reusable after platform adapters and Windows Swift support
VPhoneKit/VPhoneCoreKitTests/Process/HostFilePermissionsTests.swift,VPhoneCoreKitTests,SHIMMABLE,swift,Core tests are reusable after platform adapters and Windows Swift support
VPhoneKit/VPhoneCoreKitTests/Process/ManagedProcessTests.swift,VPhoneCoreKitTests,SHIMMABLE,swift,Core tests are reusable after platform adapters and Windows Swift support
VPhoneKit/VPhoneCoreKitTests/Process/ProcessEnvironment.swift,VPhoneCoreKitTests,SHIMMABLE,swift,Core tests are reusable after platform adapters and Windows Swift support
VPhoneKit/VPhoneCoreKitTests/Process/ProcessRunnerTests.swift,VPhoneCoreKitTests,SHIMMABLE,swift,Core tests are reusable after platform adapters and Windows Swift support
VPhoneKit/VPhoneCoreKitTests/Restore/RestoreInfoTests.swift,VPhoneCoreKitTests,SHIMMABLE,swift,Core tests are reusable after platform adapters and Windows Swift support
VPhoneKit/VPhoneCoreKitTests/Restore/RestoreOperationsTests.swift,VPhoneCoreKitTests,SHIMMABLE,swift,Core tests are reusable after platform adapters and Windows Swift support
VPhoneKit/VPhoneCoreKitTests/Support/NetworkingTests.swift,VPhoneCoreKit,REWRITE,swift,Direct Virtualization.framework networking dependency
VPhoneKit/VPhoneCoreKitTests/Support/PlistEquivalence.swift,VPhoneCoreKitTests,SHIMMABLE,swift,Core tests are reusable after platform adapters and Windows Swift support
VPhoneKit/VPhoneCoreKitTests/Support/VerbosityTests.swift,VPhoneCoreKitTests,SHIMMABLE,swift,Core tests are reusable after platform adapters and Windows Swift support
VPhoneKit/VPhoneCoreKitTests/VirtualMachine/BootPatternsTests.swift,VPhoneCoreKitTests,SHIMMABLE,swift,Core tests are reusable after platform adapters and Windows Swift support
VPhoneKit/VPhoneCoreKitTests/VirtualMachine/LaunchLayoutTests.swift,VPhoneCoreKitTests,SHIMMABLE,swift,Core tests are reusable after platform adapters and Windows Swift support
VPhoneKit/VPhoneCoreKitTests/VirtualMachine/LibraryTests.swift,VPhoneCoreKitTests,SHIMMABLE,swift,Core tests are reusable after platform adapters and Windows Swift support
VPhoneKit/VPhoneCoreKitTests/VirtualMachine/ManifestTests.swift,VPhoneCoreKitTests,SHIMMABLE,swift,Core tests are reusable after platform adapters and Windows Swift support
VPhoneKit/VPhoneCoreKitTests/VirtualMachine/NewVirtualMachineManifestTests.swift,VPhoneCoreKitTests,SHIMMABLE,swift,Core tests are reusable after platform adapters and Windows Swift support
VPhoneKit/VPhoneCoreKitTests/VirtualMachine/VirtualMachinePickerTests.swift,VPhoneCoreKitTests,SHIMMABLE,swift,Core tests are reusable after platform adapters and Windows Swift support
VPhoneKit/VPhoneExternalAccessKit/VPhoneAPIClient.swift,VPhoneExternalAccessKit,REWRITE,swift,Current client directly references Apple virtualization transport; API semantics can remain while transport changes
windows/src/backend_stub.cpp,windows,PORTABLE,cpp,Windows-native scaffold/test source
windows/src/main.cpp,windows,PORTABLE,cpp,Windows-native scaffold/test source
windows/tests/backend_contract_test.cpp,windows,PORTABLE,cpp,Windows-native scaffold/test source
windows/tests/upstream_ftab_test.c,windows,PORTABLE,c,Windows-native scaffold/test source
